Institute Name,Contact,Address
Aarya Classes,094056 21929,"Patil Nagar Rd, Patil Nagar, Cidco 5th, Near Divya Adlab, Infront of Aba Pawar's Dispensary"
Ajay Group Tuition,098811 86997,Mumbai
Allrounder's Private Home Tuition Coaching Classes Nashik,095459 50103,"01, Anjani Park, Makhmalabad Rd"
Angel tution classes,,Surat
Apex Tuition Center,080807 28986,Navi Mumbai
Armand Private Tuition,098337 84622,Mumbai
Best Tuition Classes,094261 35820,Surat,wrong number
Brainstorming Tuition Classes,,Sai Krupa Residency
Classmate Home Tuition,098921 80130,Navi Mumbai
Cuemath Center - Best Math Tuition Classes,082966 66111,Mumbai
Cuemath Center - Best Math Tuition Classes,082966 66111,104 New shantisagar chs New telephone exchange road A block New telephone exchange
Cuemath Center - Best Math Tuition Classes,082966 66111,"A-604, Oxford Phase 1 Mohan Suburbia, Navre Park Ambernath West, Near Aiyappa Temple"
Develop Tuition Class,,Surat
Devlop Tution Classes,099791 15080,Surat
Dnyandeep Classes,095951 26127,"Captain Laxmi Chowk, near Sikachi Hospital"
Dnyansamruddhi Home Tuition,084248 70450,Navi Mumbai
Educa Academy - Home & Online Tuition for Mathematics,098926 02484,Mumbai
Harsh Tution Classes,,Pimpri-Chinchwad
Kalpataru Tuition Classes,094267 77490,Surat
Maths Tuition Classes - Cuemath,082966 66111,"Milind banglow, Makhmalabad Rd"
Natasha Tution Classes,082379 07984,
Physics Tution Class,094089 97457,Surat
Pioneer's Academy(Online )( Coaching & Tuition for CBSE/ICSE/SSC),,"3, Sukamal Row House, behind Bafana Bazaar"
Private Tuition,098929 73271,Mumbai
RESILLIENCE |IIT JEE - NEET and Foundation| Online/Home Tuition by IITians,093042 28132,Navi Mumbai
Radha Krishna Tuition Classes,093765 01130,Surat
Riddhi Tution Class,092207 04135,Navi Mumbai
SHIVEN ENGINEERING TUTION CLASS,,Vapi
Siddhi Tution Classes,,Surat
Tuition,,
Tuition Class,,Surat
Tution Class for Primary Students,,Navi Mumbai
Tution Classes,,Mumbai
Tution Classes,072763 63941,Pimpri-Chinchwad
Tution Classes,,Surat
Tution class for std 10,095867 12615,Surat
Vardhman Tuition Class,,Surat
tution classes,,Surat
